{
    "bleu": {
        "Total": [
            0.04,
            2399
        ]
    },
    "rouge1": {
        "Total": [
            0.1,
            2399
        ]
    },
    "rouge2": {
        "Total": [
            0.04,
            2399
        ]
    },
    "rougeL": {
        "Total": [
            0.07,
            2399
        ]
    },
    "rougeLsum": {
        "Total": [
            0.07,
            2399
        ]
    },
    "meteor": {
        "Total": [
            0.17,
            2399
        ]
    },
    "correctness": 36.693243810323125,
    "faithfullness": 60.81905557877142,
    "fluency": 37.032690695725066
}