{
    "bleu": {
        "Total": [
            10.15,
            1026
        ]
    },
    "rouge1": {
        "Total": [
            30.59,
            1026
        ]
    },
    "rouge2": {
        "Total": [
            13.97,
            1026
        ]
    },
    "rougeL": {
        "Total": [
            24.24,
            1026
        ]
    },
    "rougeLsum": {
        "Total": [
            24.24,
            1026
        ]
    },
    "meteor": {
        "Total": [
            17.76,
            1026
        ]
    },
    "correctness": 58.7109375,
    "faithfullness": 56.6015625,
    "fluency": 58.26171875
}