{
    "bleu": {
        "Total": [
            0.07,
            1075
        ]
    },
    "rouge1": {
        "Total": [
            0.14,
            1075
        ]
    },
    "rouge2": {
        "Total": [
            0.07,
            1075
        ]
    },
    "rougeL": {
        "Total": [
            0.1,
            1075
        ]
    },
    "rougeLsum": {
        "Total": [
            0.1,
            1075
        ]
    },
    "meteor": {
        "Total": [
            0.22,
            1075
        ]
    },
    "correctness": 41.14018691588785,
    "faithfullness": 48.92623716153128,
    "fluency": 39.683426443202976
}