{
    "bleu": {
        "Total": [
            3.73,
            2399
        ]
    },
    "rouge1": {
        "Total": [
            10.41,
            2399
        ]
    },
    "rouge2": {
        "Total": [
            4.06,
            2399
        ]
    },
    "rougeL": {
        "Total": [
            6.77,
            2399
        ]
    },
    "rougeLsum": {
        "Total": [
            6.77,
            2399
        ]
    },
    "meteor": {
        "Total": [
            17.42,
            2399
        ]
    },
    "correctness": 36.693243810323125,
    "faithfullness": 60.81905557877142,
    "fluency": 37.032690695725066,
    "bertscore": {
        "Total": [
            82.91,
            2399
        ]
    }
}