{
    "bleu": {
        "Total": [
            6.6,
            1075
        ]
    },
    "rouge1": {
        "Total": [
            13.52,
            1075
        ]
    },
    "rouge2": {
        "Total": [
            6.64,
            1075
        ]
    },
    "rougeL": {
        "Total": [
            10.4,
            1075
        ]
    },
    "rougeLsum": {
        "Total": [
            10.4,
            1075
        ]
    },
    "meteor": {
        "Total": [
            22.04,
            1075
        ]
    },
    "correctness": 41.14018691588785,
    "faithfullness": 48.92623716153128,
    "fluency": 39.683426443202976
}