{
    "bleu": {
        "Total": [
            0.13,
            1075
        ]
    },
    "rouge1": {
        "Total": [
            0.26,
            1075
        ]
    },
    "rouge2": {
        "Total": [
            0.13,
            1075
        ]
    },
    "rougeL": {
        "Total": [
            0.19,
            1075
        ]
    },
    "rougeLsum": {
        "Total": [
            0.19,
            1075
        ]
    },
    "meteor": {
        "Total": [
            0.32,
            1075
        ]
    },
    "correctness": 51.09040074557316,
    "faithfullness": 57.308411214953274,
    "fluency": 48.984156570363474
}