{
    "bleu": {
        "Total": [
            0.06,
            677
        ]
    },
    "rouge1": {
        "Total": [
            0.23,
            677
        ]
    },
    "rouge2": {
        "Total": [
            0.08,
            677
        ]
    },
    "rougeL": {
        "Total": [
            0.17,
            677
        ]
    },
    "rougeLsum": {
        "Total": [
            0.17,
            677
        ]
    },
    "meteor": {
        "Total": [
            0.14,
            677
        ]
    },
    "correctness": 48.4272997032641,
    "faithfullness": 48.66863905325444,
    "fluency": 48.55029585798816
}