{
    "bleu": {
        "Total": [
            17.47,
            2386
        ]
    },
    "rouge1": {
        "Total": [
            35.69,
            2386
        ]
    },
    "rouge2": {
        "Total": [
            14.32,
            2386
        ]
    },
    "rougeL": {
        "Total": [
            21.14,
            2386
        ]
    },
    "rougeLsum": {
        "Total": [
            21.14,
            2386
        ]
    },
    "meteor": {
        "Total": [
            29.7,
            2386
        ]
    },
    "correctness": 63.98657154846832,
    "faithfullness": 71.4009255363904,
    "fluency": 64.07407407407408,
    "bertscore": {
        "Total": [
            85.41,
            2386
        ]
    }
}