{
    "bleu": {
        "Total": [
            13.32,
            1075
        ]
    },
    "rouge1": {
        "Total": [
            26.3,
            1075
        ]
    },
    "rouge2": {
        "Total": [
            12.66,
            1075
        ]
    },
    "rougeL": {
        "Total": [
            19.22,
            1075
        ]
    },
    "rougeLsum": {
        "Total": [
            19.22,
            1075
        ]
    },
    "meteor": {
        "Total": [
            32.38,
            1075
        ]
    },
    "correctness": 51.09040074557316,
    "faithfullness": 57.308411214953274,
    "fluency": 48.984156570363474,
    "bertscore": {
        "Total": [
            86.47,
            1075
        ]
    }
}