{
    "bleu": {
        "Total": [
            0.17,
            2386
        ]
    },
    "rouge1": {
        "Total": [
            0.36,
            2386
        ]
    },
    "rouge2": {
        "Total": [
            0.14,
            2386
        ]
    },
    "rougeL": {
        "Total": [
            0.21,
            2386
        ]
    },
    "rougeLsum": {
        "Total": [
            0.21,
            2386
        ]
    },
    "meteor": {
        "Total": [
            0.3,
            2386
        ]
    },
    "correctness": 63.98657154846832,
    "faithfullness": 71.4009255363904,
    "fluency": 64.07407407407408
}