{
    "bleu": {
        "Total": [
            6.5,
            677
        ]
    },
    "rouge1": {
        "Total": [
            22.77,
            677
        ]
    },
    "rouge2": {
        "Total": [
            7.79,
            677
        ]
    },
    "rougeL": {
        "Total": [
            16.59,
            677
        ]
    },
    "rougeLsum": {
        "Total": [
            16.59,
            677
        ]
    },
    "meteor": {
        "Total": [
            14.07,
            677
        ]
    },
    "correctness": 48.4272997032641,
    "faithfullness": 48.66863905325444,
    "fluency": 48.55029585798816
}