{
    "bleu": {
        "Total": [
            10.39,
            927
        ]
    },
    "rouge1": {
        "Total": [
            30.27,
            927
        ]
    },
    "rouge2": {
        "Total": [
            12.41,
            927
        ]
    },
    "rougeL": {
        "Total": [
            23.04,
            927
        ]
    },
    "rougeLsum": {
        "Total": [
            23.04,
            927
        ]
    },
    "meteor": {
        "Total": [
            18.11,
            927
        ]
    },
    "correctness": 64.83801295896328,
    "faithfullness": 61.14594594594595,
    "fluency": 64.51403887688984,
    "bertscore": {
        "Total": [
            84.23,
            927
        ]
    }
}