{
    "bleu": {
        "Total": [
            0.14,
            2394
        ]
    },
    "rouge1": {
        "Total": [
            0.29,
            2394
        ]
    },
    "rouge2": {
        "Total": [
            0.12,
            2394
        ]
    },
    "rougeL": {
        "Total": [
            0.17,
            2394
        ]
    },
    "rougeLsum": {
        "Total": [
            0.17,
            2394
        ]
    },
    "meteor": {
        "Total": [
            0.27,
            2394
        ]
    },
    "correctness": 58.35708298407377,
    "faithfullness": 69.81574539363484,
    "fluency": 58.95266024298282
}