{
    "bleu": {
        "Total": [
            0.1,
            1075
        ]
    },
    "rouge1": {
        "Total": [
            0.21,
            1075
        ]
    },
    "rouge2": {
        "Total": [
            0.11,
            1075
        ]
    },
    "rougeL": {
        "Total": [
            0.16,
            1075
        ]
    },
    "rougeLsum": {
        "Total": [
            0.16,
            1075
        ]
    },
    "meteor": {
        "Total": [
            0.29,
            1075
        ]
    },
    "correctness": 49.990697674418605,
    "faithfullness": 57.73620205799813,
    "fluency": 50.717614165890026
}