{
    "bleu": {
        "Total": [
            10.1,
            1075
        ]
    },
    "rouge1": {
        "Total": [
            20.7,
            1075
        ]
    },
    "rouge2": {
        "Total": [
            10.93,
            1075
        ]
    },
    "rougeL": {
        "Total": [
            15.51,
            1075
        ]
    },
    "rougeLsum": {
        "Total": [
            15.51,
            1075
        ]
    },
    "meteor": {
        "Total": [
            28.57,
            1075
        ]
    },
    "correctness": 49.990697674418605,
    "faithfullness": 57.73620205799813,
    "fluency": 50.717614165890026
}