{
    "bleu": {
        "Total": [
            0.1,
            927
        ]
    },
    "rouge1": {
        "Total": [
            0.3,
            927
        ]
    },
    "rouge2": {
        "Total": [
            0.12,
            927
        ]
    },
    "rougeL": {
        "Total": [
            0.23,
            927
        ]
    },
    "rougeLsum": {
        "Total": [
            0.23,
            927
        ]
    },
    "meteor": {
        "Total": [
            0.18,
            927
        ]
    },
    "correctness": 64.83801295896328,
    "faithfullness": 61.14594594594595,
    "fluency": 64.51403887688984
}