{
    "bleu": {
        "Total": [
            13.97,
            2394
        ]
    },
    "rouge1": {
        "Total": [
            28.58,
            2394
        ]
    },
    "rouge2": {
        "Total": [
            12.39,
            2394
        ]
    },
    "rougeL": {
        "Total": [
            17.08,
            2394
        ]
    },
    "rougeLsum": {
        "Total": [
            17.08,
            2394
        ]
    },
    "meteor": {
        "Total": [
            26.88,
            2394
        ]
    },
    "correctness": 58.35708298407377,
    "faithfullness": 69.81574539363484,
    "fluency": 58.95266024298282
}